theta_0,theta_1,mu,signma
6331.8333333287865,-1129.8079762116008,101066.25,52674.24560550151
