theta_0,theta_1,mu,sigma
6331.833333333329,-1129.807976212786,101066.25,52674.24560550151
